{
  "cash_usd": 146.04,
  "cash_cny": 28.019999999999982,
  "realized_usd": 30.245161791428455,
  "realized_cny": 1121.57,
  "sgov_dividend_usd": 11.61
}