{
  "cash_usd": 60.93000000000029,
  "cash_cny": 10039.67,
  "cash_cost_basis_usd": 31.343128397177836,
  "cash_cost_basis_cny": 8882.821160969588,
  "realized_usd": 9.996871602822457,
  "realized_cny": 1156.8488390304121,
  "voo_dividend_usd": 7.98,
  "sgov_dividend_usd": 11.61
}