{
  "cash_usd": 2893.78,
  "cash_cny": 28.019999999999982,
  "realized_usd": 20.756871602822454,
  "realized_cny": 1121.57,
  "sgov_dividend_usd": 11.61
}