{
  "cash_usd": 145.96000000000004,
  "cash_cny": 4028.02,
  "realized_usd": 30.245161791428455,
  "realized_cny": 1121.57,
  "sgov_dividend_usd": 8.08
}