{
  "cash_usd": 2935.2349999999997,
  "cash_cny": 28.019999999999982,
  "realized_usd": 20.756871602822455,
  "realized_cny": 1121.57,
  "sgov_dividend_usd": 11.61
}
