{
  "cash_usd": 111.93000000000029,
  "cash_cny": 10090.11635,
  "realized_usd": 9.996871602822457,
  "realized_cny": 1207.1607126300025,
  "voo_dividend_usd": 7.98,
  "sgov_dividend_usd": 11.61
}