{
  "cash_usd": 668.5249999999999,
  "cash_cny": 28.019999999999982,
  "realized_usd": 18.55168864519299,
  "realized_cny": 1121.57,
  "sgov_dividend_usd": 11.61
}