{
  "cash_usd": 120.75000000000003,
  "cash_cny": 28.02,
  "realized_usd": 30.245161791428455,
  "realized_cny": 1121.57,
  "sgov_dividend_usd": 8.08
}