{
  "cash_usd": 624.6549999999999,
  "cash_cny": 28.019999999999982,
  "realized_usd": 45.684126395193,
  "realized_cny": 1121.57,
  "sgov_dividend_usd": 11.61
}