{
  "VOO": {
    "shares": 2.0,
    "avg_cost": 641.615
  },
  "QQQ": {
    "shares": 0.5776,
    "avg_cost": 744.4598337950139
  },
  "ISRG": {
    "shares": 0.8280000000000001,
    "avg_cost": 414.903381642512
  },
  "GOOGL": {
    "shares": 0.4355,
    "avg_cost": 369.6329781859931
  },
  "MSFT": {
    "shares": 0.25370000000000004,
    "avg_cost": 426.8920220733149
  },
  "AVGO": {
    "shares": 0.43300000000000005,
    "avg_cost": 431.68627251732096
  },
  "NVDA": {
    "shares": 0.4374,
    "avg_cost": 212.57430269775946
  },
  "SGOV": {
    "shares": 30.0,
    "avg_cost": 100.52
  },
  "001015": {
    "shares": 5318.71,
    "avg_cost": 2.2937892834916735
  },
  "006382": {
    "shares": 12735.79,
    "avg_cost": 0.9579303678845207
  }
}