{
  "VOO": {
    "shares": 3.1753,
    "avg_cost": 657.2688171
  },
  "QQQ": {
    "shares": 2.1437,
    "avg_cost": 721.67
  },
  "ISRG": {
    "shares": 0.5994,
    "avg_cost": 408.94
  },
  "TEM": {
    "shares": 0.1835,
    "avg_cost": 54.50
  },
  "PLTR": {
    "shares": 0.1941,
    "avg_cost": 128.76
  },
  "GOOGL": {
    "shares": 0.4442,
    "avg_cost": 363.76
  },
  "MSFT": {
    "shares": 0.3036,
    "avg_cost": 422.83
  },
  "AVGO": {
    "shares": 0.4569,
    "avg_cost": 421.23
  },
  "SGOV": {
    "shares": 0.0,
    "avg_cost": 0.0
  },
  "001015": {
    "shares": 12230.51,
    "avg_cost": 2.3648485968287503
  }
}
