{
  "VOO": {
    "shares": 3.1753,
    "avg_cost": 657.2688171
  },
  "QQQ": {
    "shares": 2.2163,
    "avg_cost": 720.83
  },
  "ISRG": {
    "shares": 0.7873,
    "avg_cost": 400.18
  },
  "TEM": {
    "shares": 1.7178999999999998,
    "avg_cost": 52.97
  },
  "PLTR": {
    "shares": 0.47619999999999996,
    "avg_cost": 128.05614447711048
  },
  "GOOGL": {
    "shares": 0.5367,
    "avg_cost": 356.9632792994224
  },
  "MSFT": {
    "shares": 0.3036,
    "avg_cost": 422.83
  },
  "AVGO": {
    "shares": 0.4569,
    "avg_cost": 421.23
  },
  "SGOV": {
    "shares": 26.0,
    "avg_cost": 100.595
  },
  "001015": {
    "shares": 8000.0,
    "avg_cost": 2.3648168095500512
  }
}