{
  "VOO": {
    "shares": 3.1753,
    "avg_cost": 664.684574600825
  },
  "QQQ": {
    "shares": 2.1437,
    "avg_cost": 721.66
  },
  "ISRG": {
    "shares": 0.5994,
    "avg_cost": 408.93
  },
  "TEM": {
    "shares": 0.1835,
    "avg_cost": 54.49
  },
  "PLTR": {
    "shares": 0.1941,
    "avg_cost": 128.74806800618236
  },
  "GOOGL": {
    "shares": 0.4442,
    "avg_cost": 363.71
  },
  "MSFT": {
    "shares": 0.3036,
    "avg_cost": 422.81
  },
  "AVGO": {
    "shares": 0.4569,
    "avg_cost": 421.25
  },
  "SGOV": {
    "shares": 0.0,
    "avg_cost": 0.0
  },
  "001015": {
    "shares": 12230.51,
    "avg_cost": 2.3648485968287503
  }
}