{
  "VOO": {
    "shares": 2.2752,
    "avg_cost": 645.7586146272855
  },
  "QQQ": {
    "shares": 0.7468,
    "avg_cost": 732.83
  },
  "ISRG": {
    "shares": 0.7807000000000001,
    "avg_cost": 414.1
  },
  "GOOGL": {
    "shares": 0.4355,
    "avg_cost": 369.6329781859931
  },
  "MSFT": {
    "shares": 0.3033,
    "avg_cost": 423.0217804154302
  },
  "AVGO": {
    "shares": 0.5664,
    "avg_cost": 418.2912358757062
  },
  "NVDA": {
    "shares": 0.5197,
    "avg_cost": 211.6220896671156
  },
  "SGOV": {
    "shares": 30.0,
    "avg_cost": 100.52
  },
  "001015": {
    "shares": 5318.71,
    "avg_cost": 2.2937892834916735
  }
}
