{
  "VOO": {
    "shares": 3.1471,
    "avg_cost": 655.886371580185
  },
  "QQQ": {
    "shares": 2.146699999999979,
    "avg_cost": 720.69569292403
  },
  "ISRG": {
    "shares": 0.5994,
    "avg_cost": 414.1
  },
  "TEM": {
    "shares": 0.1835,
    "avg_cost": 54.49591280653951
  },
  "PLTR": {
    "shares": 0.0,
    "avg_cost": 100.0
  },
  "GOOGL": {
    "shares": 0.44400000000000006,
    "avg_cost": 364.1269623748706
  },
  "MSFT": {
    "shares": 0.3033,
    "avg_cost": 423.0217804154302
  },
  "AVGO": {
    "shares": 0.456,
    "avg_cost": 418.2912358757062
  },
  "NVDA": {
    "shares": 0.0,
    "avg_cost": 0.0
  },
  "SGOV": {
    "shares": 23.0,
    "avg_cost": 100.52
  },
  "001015": {
    "shares": 12230.51,
    "avg_cost": 2.3648485968287503
  }
}