{
  "VOO": {
    "shares": 2.2752,
    "avg_cost": 645.7586146272855
  },
  "QQQ": {
    "shares": 0.9559,
    "avg_cost": 729.4460131812951
  },
  "ISRG": {
    "shares": 0.7807000000000001,
    "avg_cost": 414.1
  },
  "GOOGL": {
    "shares": 0.5794,
    "avg_cost": 364.1269623748706
  },
  "MSFT": {
    "shares": 0.3033,
    "avg_cost": 423.0217804154302
  },
  "AVGO": {
    "shares": 0.5664,
    "avg_cost": 418.2912358757062
  },
  "NVDA": {
    "shares": 0.6187,
    "avg_cost": 210.08566348795858
  },
  "TEM": {
    "shares": 0.1835,
    "avg_cost": 54.49591280653951
  },
  "SGOV": {
    "shares": 30.0,
    "avg_cost": 100.52
  },
  "001015": {
    "shares": 10550.44,
    "avg_cost": 2.3623
  }
}