{
  "VOO": {
    "shares": 1.0,
    "avg_cost": 586.47
  },
  "QQQ": {
    "shares": 0.0,
    "avg_cost": 400.0
  },
  "AVGO": {
    "shares": 0.1914,
    "avg_cost": 412.54
  },
  "NVDA": {
    "shares": 0.25,
    "avg_cost": 199.92
  },
  "GOOGL": {
    "shares": 0.2667,
    "avg_cost": 374.86
  },
  "MSFT": {
    "shares": 0.1683,
    "avg_cost": 415.82
  },
  "ISRG": {
    "shares": 0.4688,
    "avg_cost": 425.8745733788396
  },
  "SGOV": {
    "shares": 30.0,
    "avg_cost": 100.52
  },
  "001015": {
    "shares": 5318.71,
    "avg_cost": 2.2937892834916735
  },
  "006382": {
    "shares": 12735.79,
    "avg_cost": 0.9579303678845207
  }
}