{
  "VOO": {
    "shares": 3.1753,
    "avg_cost": 657.2688171
  },
  "QQQ": {
    "shares": 2.1437,
    "avg_cost": 721.67
  },
  "ISRG": {
    "shares": 0.6743,
    "avg_cost": 408.0062820702952
  },
  "TEM": {
    "shares": 1.3081999999999998,
    "avg_cost": 54.27362024155328
  },
  "PLTR": {
    "shares": 0.30879999999999996,
    "avg_cost": 129.50879533678759
  },
  "GOOGL": {
    "shares": 0.4442,
    "avg_cost": 363.76
  },
  "MSFT": {
    "shares": 0.3036,
    "avg_cost": 422.83
  },
  "AVGO": {
    "shares": 0.4569,
    "avg_cost": 421.23
  },
  "SGOV": {
    "shares": 0.0,
    "avg_cost": 0.0
  },
  "001015": {
    "shares": 12230.51,
    "avg_cost": 2.3648485968287503
  }
}