{
  "VOO": {
    "shares": 3.0451,
    "avg_cost": 654.8684772257069
  },
  "QQQ": {
    "shares": 1.5806999999999998,
    "avg_cost": 725.7021851078638
  },
  "ISRG": {
    "shares": 0.7807000000000001,
    "avg_cost": 414.1
  },
  "TEM": {
    "shares": 0.1835,
    "avg_cost": 54.49591280653951
  },
  "PLTR": {
    "shares": 0.0,
    "avg_cost": 100.0
  },
  "GOOGL": {
    "shares": 0.5794,
    "avg_cost": 364.1269623748706
  },
  "MSFT": {
    "shares": 0.3033,
    "avg_cost": 423.0217804154302
  },
  "AVGO": {
    "shares": 0.5664,
    "avg_cost": 418.2912358757062
  },
  "NVDA": {
    "shares": 0.6187,
    "avg_cost": 210.08566348795858
  },
  "SGOV": {
    "shares": 30.0,
    "avg_cost": 100.52
  },
  "001015": {
    "shares": 12230.51,
    "avg_cost": 2.3648485968287503
  }
}